,Consumer Confidence,High Yield Spread,Job Openings,VVIX,Recession Probabilities
VIX,-0.0034295757349423663,1.0934011333108686,-0.10520598215906773,1.1322675306100094,1.099072274827569e-05
