,Consumer Confidence,High Yield Spread,Job Openings,VVIX,Recession Probabilities
VIX,-0.015877955143175977,1.1445824603404073,-0.7795520516465236,1.0833362339511579,-0.00024290289404754569
