,Consumer Confidence,High Yield Spread,Job Openings,VVIX,Recession Probabilities
VIX,-0.08385754645814045,1.1673350793931592,-0.7726113891761743,1.05864730608856,-0.0002149982227762788
