,Consumer Confidence,High Yield Spread,Job Openings,VVIX,Recession Probabilities
VIX,0.010689269918508517,1.1469938744836574,-0.7616204899603386,1.101813738772898,-0.000318288535534461
