,Inflation,GDP Growth,Consumer Confidence,High Yield Spread,10y-2y Yield Spread,M2 Money Stock,Delinquency Rate,Job Openings,S&P 500,SPY XLP,PKW VYM,VVIX
VIX,-3.386620153858786e-05,0.0030400810805897905,0.005547606695154948,0.0788551654899528,-0.01092140600861698,0.43919682074481925,-0.08287775876136866,-0.16456624790478147,-2.687367044889043,0.41667644085727656,-0.27564083848013393,0.9227906840814947
