R-squared,Mean squared error
-0.6971202597834374,39.428382856092476
