R-squared,Mean squared error
0.7435612908297935,21295.595051639335
