R-squared,Mean squared error
0.7512481377415804,15368.390245648785
